{
  "_format": "hh-sol-cache-2",
  "files": {
    "B:\\desktop files\\files\\Универ\\4курс\\Диплом\\prism-blockchain\\contracts\\PollRegistry.sol": {
      "lastModificationDate": 1748974765746,
      "contentHash": "76d31f16667e3eebee888cbf41bbb411",
      "sourceName": "contracts/PollRegistry.sol",
      "solcConfig": {
        "version": "0.8.20",
        "settings": {
          "optimizer": {
            "enabled": true,
            "runs": 200
          },
          "evmVersion": "paris",
          "outputSelection": {
            "*": {
              "*": [
                "abi",
                "evm.bytecode",
                "evm.deployedBytecode",
                "evm.methodIdentifiers",
                "metadata"
              ],
              "": [
                "ast"
              ]
            }
          }
        }
      },
      "imports": [
        "@openzeppelin/contracts/access/Ownable.sol",
        "@openzeppelin/contracts/utils/Pausable.sol",
        "@openzeppelin/contracts/utils/ReentrancyGuard.sol"
      ],
      "versionPragmas": [
        "^0.8.20"
      ],
      "artifacts": [
        "PollRegistry"
      ]
    },
    "B:\\desktop files\\files\\Универ\\4курс\\Диплом\\prism-blockchain\\node_modules\\@openzeppelin\\contracts\\access\\Ownable.sol": {
      "lastModificationDate": 1746093079122,
      "contentHash": "d3c790edc9ccf808a17c5a6cd13614fd",
      "sourceName": "@openzeppelin/contracts/access/Ownable.sol",
      "solcConfig": {
        "version": "0.8.20",
        "settings": {
          "optimizer": {
            "enabled": true,
            "runs": 200
          },
          "evmVersion": "paris",
          "outputSelection": {
            "*": {
              "*": [
                "abi",
                "evm.bytecode",
                "evm.deployedBytecode",
                "evm.methodIdentifiers",
                "metadata"
              ],
              "": [
                "ast"
              ]
            }
          }
        }
      },
      "imports": [
        "../utils/Context.sol"
      ],
      "versionPragmas": [
        "^0.8.20"
      ],
      "artifacts": [
        "Ownable"
      ]
    },
    "B:\\desktop files\\files\\Универ\\4курс\\Диплом\\prism-blockchain\\node_modules\\@openzeppelin\\contracts\\utils\\Pausable.sol": {
      "lastModificationDate": 1746093079130,
      "contentHash": "0d47b53e10b1985efbb396f937626279",
      "sourceName": "@openzeppelin/contracts/utils/Pausable.sol",
      "solcConfig": {
        "version": "0.8.20",
        "settings": {
          "optimizer": {
            "enabled": true,
            "runs": 200
          },
          "evmVersion": "paris",
          "outputSelection": {
            "*": {
              "*": [
                "abi",
                "evm.bytecode",
                "evm.deployedBytecode",
                "evm.methodIdentifiers",
                "metadata"
              ],
              "": [
                "ast"
              ]
            }
          }
        }
      },
      "imports": [
        "../utils/Context.sol"
      ],
      "versionPragmas": [
        "^0.8.20"
      ],
      "artifacts": [
        "Pausable"
      ]
    },
    "B:\\desktop files\\files\\Универ\\4курс\\Диплом\\prism-blockchain\\node_modules\\@openzeppelin\\contracts\\utils\\ReentrancyGuard.sol": {
      "lastModificationDate": 1746093079133,
      "contentHash": "190613e556d509d9e9a0ea43dc5d891d",
      "sourceName": "@openzeppelin/contracts/utils/ReentrancyGuard.sol",
      "solcConfig": {
        "version": "0.8.20",
        "settings": {
          "optimizer": {
            "enabled": true,
            "runs": 200
          },
          "evmVersion": "paris",
          "outputSelection": {
            "*": {
              "*": [
                "abi",
                "evm.bytecode",
                "evm.deployedBytecode",
                "evm.methodIdentifiers",
                "metadata"
              ],
              "": [
                "ast"
              ]
            }
          }
        }
      },
      "imports": [],
      "versionPragmas": [
        "^0.8.20"
      ],
      "artifacts": [
        "ReentrancyGuard"
      ]
    },
    "B:\\desktop files\\files\\Универ\\4курс\\Диплом\\prism-blockchain\\node_modules\\@openzeppelin\\contracts\\utils\\Context.sol": {
      "lastModificationDate": 1746093078262,
      "contentHash": "67bfbc07588eb8683b3fd8f6f909563e",
      "sourceName": "@openzeppelin/contracts/utils/Context.sol",
      "solcConfig": {
        "version": "0.8.20",
        "settings": {
          "optimizer": {
            "enabled": true,
            "runs": 200
          },
          "evmVersion": "paris",
          "outputSelection": {
            "*": {
              "*": [
                "abi",
                "evm.bytecode",
                "evm.deployedBytecode",
                "evm.methodIdentifiers",
                "metadata"
              ],
              "": [
                "ast"
              ]
            }
          }
        }
      },
      "imports": [],
      "versionPragmas": [
        "^0.8.20"
      ],
      "artifacts": [
        "Context"
      ]
    },
    "B:\\desktop files\\files\\Универ\\4курс\\Диплом\\prism-blockchain\\contracts\\VoteVerifier.sol": {
      "lastModificationDate": 1749664886662,
      "contentHash": "e36268224f6ff0c66b61a85fe2d00383",
      "sourceName": "contracts/VoteVerifier.sol",
      "solcConfig": {
        "version": "0.8.20",
        "settings": {
          "optimizer": {
            "enabled": true,
            "runs": 200
          },
          "evmVersion": "paris",
          "outputSelection": {
            "*": {
              "*": [
                "abi",
                "evm.bytecode",
                "evm.deployedBytecode",
                "evm.methodIdentifiers",
                "metadata"
              ],
              "": [
                "ast"
              ]
            }
          }
        }
      },
      "imports": [
        "@openzeppelin/contracts/access/Ownable.sol",
        "@openzeppelin/contracts/utils/Pausable.sol",
        "@openzeppelin/contracts/utils/ReentrancyGuard.sol",
        "./PollRegistry.sol"
      ],
      "versionPragmas": [
        "^0.8.20"
      ],
      "artifacts": [
        "VoteVerifier"
      ]
    },
    "B:\\desktop files\\files\\Универ\\4курс\\Диплом\\prism-blockchain\\contracts\\ResultStorage.sol": {
      "lastModificationDate": 1749558597599,
      "contentHash": "b7b302c1095bfa65936ef1d713eca535",
      "sourceName": "contracts/ResultStorage.sol",
      "solcConfig": {
        "version": "0.8.20",
        "settings": {
          "optimizer": {
            "enabled": true,
            "runs": 200
          },
          "evmVersion": "paris",
          "outputSelection": {
            "*": {
              "*": [
                "abi",
                "evm.bytecode",
                "evm.deployedBytecode",
                "evm.methodIdentifiers",
                "metadata"
              ],
              "": [
                "ast"
              ]
            }
          }
        }
      },
      "imports": [
        "@openzeppelin/contracts/access/Ownable.sol",
        "@openzeppelin/contracts/utils/Pausable.sol",
        "@openzeppelin/contracts/utils/ReentrancyGuard.sol",
        "./PollRegistry.sol",
        "./VoteVerifier.sol"
      ],
      "versionPragmas": [
        "^0.8.20"
      ],
      "artifacts": [
        "ResultStorage"
      ]
    }
  }
}
