{
  "network": "localhost",
  "chainId": 31337,
  "deployer": "0xf39Fd6e51aad88F6F4ce6aB8827279cffFb92266",
  "authorizedService": "0x70997970C51812dc3A010C7d01b50e0d17dc79C8",
  "timestamp": "2025-06-12T01:42:40.554Z",
  "phase": "Phase 2 - Anonymous Voting",
  "contracts": {
    "PollRegistry": {
      "address": "0x5FbDB2315678afecb367f032d93F642f64180aa3",
      "version": "1.0.0"
    },
    "VoteVerifier": {
      "address": "0xe7f1725E7734CE288F8367e1Bb143E90bb3F0512",
      "version": "2.0.0-phase2",
      "authorizedService": "0xf39Fd6e51aad88F6F4ce6aB8827279cffFb92266"
    },
    "ResultStorage": {
      "address": "0x9fE46736679d2D9a65F0992F2272dE9f3c7fa6e0",
      "version": "1.0.0-phase1"
    }
  },
  "features": {
    "openVoting": true,
    "anonymousVoting": true,
    "zkpIntegration": true,
    "blindSignatures": true
  },
  "integration": {
    "verificationService": "http://localhost:8085",
    "pollManagementService": "http://localhost:8082",
    "blockchainService": "http://localhost:8081"
  }
}